<?xml version="1.0" encoding="UTF-8"?>
<project-private xmlns="http://www.netbeans.org/ns/project-private/1">
    <editor-bookmarks xmlns="http://www.netbeans.org/ns/editor-bookmarks/2" lastBookmarkId="0"/>
    <open-files xmlns="http://www.netbeans.org/ns/projectui-open-files/2">
        <group>
            <file>file:/C:/Users/VISHWANATH/Documents/NetBeansProjects/librarymanagementsystem/src/librarymanagementsystem/LibraryManagementSystem.java</file>
            <file>file:/C:/Users/VISHWANATH/Documents/NetBeansProjects/librarymanagementsystem/src/librarymanagementsystem/ListMembers.java</file>
            <file>file:/C:/Users/VISHWANATH/Documents/NetBeansProjects/librarymanagementsystem/src/librarymanagementsystem/ListBooks.java</file>
            <file>file:/C:/Users/VISHWANATH/Documents/NetBeansProjects/librarymanagementsystem/src/librarymanagementsystem/NewBook.java</file>
        </group>
    </open-files>
</project-private>
